q0,q1,q2,q3,q4,q5,q6
0.24442002177238464,-0.12775231897830963,0.2474328875541687,-2.1364996433258057,0.007657116744667292,2.0871310234069824,1.3108153343200684
0.24442443251609802,-0.12775161862373352,0.2474316507577896,-2.1364924907684326,0.007649025414139032,2.087132453918457,1.310820460319519
0.2444235384464264,-0.12775810062885284,0.2474304437637329,-2.136498212814331,0.0076535288244485855,2.087134838104248,1.3108172416687012
0.24442239105701447,-0.12775465846061707,0.24743132293224335,-2.13649845123291,0.007652177009731531,2.0871317386627197,1.3108175992965698
0.2444225549697876,-0.12775221467018127,0.24743042886257172,-2.1364967823028564,0.007651991210877895,2.0871310234069824,1.3108181953430176
0.24441272020339966,-0.12775228917598724,0.24741189181804657,-2.136497735977173,0.0076768966391682625,2.0871405601501465,1.3108209371566772
0.2437489628791809,-0.12842106819152832,0.24720878899097443,-2.1372618675231934,0.007916996255517006,2.087214469909668,1.3098421096801758
0.24035777151584625,-0.131183460354805,0.246697798371315,-2.140251874923706,0.008937413804233074,2.0876030921936035,1.3053988218307495
0.2340909093618393,-0.13605791330337524,0.24621185660362244,-2.145568609237671,0.010797387920320034,2.0883028507232666,1.297587513923645
0.22586169838905334,-0.1423199325799942,0.2459896206855774,-2.1524131298065186,0.013236620463430882,2.0892386436462402,1.2879054546356201
0.2171432077884674,-0.14887207746505737,0.2459348887205124,-2.159714460372925,0.01581898145377636,2.0903842449188232,1.2777352333068848
0.2080526351928711,-0.15556862950325012,0.2458387017250061,-2.1677186489105225,0.01847955770790577,2.0920519828796387,1.267106056213379
0.19860699772834778,-0.162235826253891,0.2457658350467682,-2.1761116981506348,0.021176693961024284,2.0941240787506104,1.2561625242233276
0.18891161680221558,-0.16884757578372955,0.2457115352153778,-2.1851651668548584,0.023873837664723396,2.097083330154419,1.244848608970642
0.17877423763275146,-0.1750255674123764,0.2456415891647339,-2.1955618858337402,0.02657204307615757,2.101558208465576,1.2330572605133057
0.1681564450263977,-0.1808595359325409,0.24554255604743958,-2.2073733806610107,0.02924715168774128,2.1077768802642822,1.2207558155059814
0.15713505446910858,-0.1864173263311386,0.24545195698738098,-2.2199337482452393,0.031914133578538895,2.1151723861694336,1.2080509662628174
0.1459549069404602,-0.19139732420444489,0.2454422265291214,-2.2326252460479736,0.034490663558244705,2.1231393814086914,1.1951159238815308
0.13441865146160126,-0.19564487040042877,0.24537710845470428,-2.245335578918457,0.03690805658698082,2.131965160369873,1.181981086730957
0.12278256565332413,-0.1991753727197647,0.2453615665435791,-2.258317232131958,0.039215195924043655,2.141552448272705,1.168682336807251
0.11085748672485352,-0.20209535956382751,0.24533505737781525,-2.271670341491699,0.04142708703875542,2.152212619781494,1.1551625728607178
0.09941219538450241,-0.20471882820129395,0.24544993042945862,-2.284325361251831,0.04355546087026596,2.1624112129211426,1.142244577407837
0.08939993381500244,-0.20682679116725922,0.24572668969631195,-2.295389175415039,0.045404963195323944,2.1716034412384033,1.1310994625091553
0.08021395653486252,-0.20827661454677582,0.24577109515666962,-2.306058645248413,0.047006212174892426,2.1810173988342285,1.1207534074783325
0.07148218154907227,-0.20885363221168518,0.24589966237545013,-2.317127227783203,0.048376183956861496,2.1916518211364746,1.1108858585357666
0.06304940581321716,-0.20878513157367706,0.24596843123435974,-2.328343391418457,0.04955609142780304,2.20308518409729,1.1013169288635254
0.0545903779566288,-0.20797193050384521,0.2459454983472824,-2.339707374572754,0.05059361457824707,2.2151949405670166,1.0919320583343506
0.046498071402311325,-0.20655421912670135,0.24603793025016785,-2.3509483337402344,0.051448509097099304,2.2278339862823486,1.0828962326049805
0.03859054669737816,-0.20464126765727997,0.24610541760921478,-2.3619797229766846,0.052163124084472656,2.240734577178955,1.0740996599197388
0.030605938285589218,-0.2022068202495575,0.2460656762123108,-2.372699737548828,0.05275838449597359,2.253901720046997,1.0653536319732666
0.022574132308363914,-0.19940868020057678,0.24606795608997345,-2.383214235305786,0.05326138436794281,2.2672805786132812,1.0565309524536133
0.014491241425275803,-0.196349635720253,0.24606908857822418,-2.3933956623077393,0.053720418363809586,2.2804784774780273,1.0477532148361206
0.006625757552683353,-0.19323648512363434,0.24611744284629822,-2.4029126167297363,0.0541328564286232,2.2930147647857666,1.0392600297927856
-0.000864895002450794,-0.19006648659706116,0.24620360136032104,-2.4117238521575928,0.054474297910928726,2.304933786392212,1.0311592817306519
-0.008344330824911594,-0.1867637038230896,0.24619044363498688,-2.420058012008667,0.054760903120040894,2.3164968490600586,1.0231956243515015
-0.01593877375125885,-0.1833634227514267,0.2461828589439392,-2.4281859397888184,0.05503242090344429,2.3279004096984863,1.015007495880127
-0.024016650393605232,-0.18010380864143372,0.24610261619091034,-2.4360439777374268,0.055375851690769196,2.3389809131622314,1.0062880516052246
-0.03229730576276779,-0.17669661343097687,0.246094211935997,-2.443652391433716,0.05571434274315834,2.349949836730957,0.9973798990249634
-0.04068358615040779,-0.17304810881614685,0.24609945714473724,-2.451021432876587,0.056011177599430084,2.36082124710083,0.98846834897995
-0.048972226679325104,-0.16919465363025665,0.24609217047691345,-2.458024501800537,0.05621989816427231,2.371610641479492,0.9798001646995544
-0.05692233145236969,-0.16506820917129517,0.2461656928062439,-2.464660882949829,0.05631569027900696,2.382235288619995,0.971516489982605
-0.06461157649755478,-0.16071437299251556,0.24621278047561646,-2.4709465503692627,0.056328266859054565,2.392782211303711,0.9635510444641113
-0.07203470915555954,-0.15607665479183197,0.24627044796943665,-2.4768874645233154,0.05631411820650101,2.4032208919525146,0.9561161994934082
-0.07872360199689865,-0.1511353999376297,0.24641095101833344,-2.4824256896972656,0.05603288486599922,2.413600444793701,0.949478030204773
-0.08454279601573944,-0.14587357640266418,0.2466282844543457,-2.487528085708618,0.05545959994196892,2.4237911701202393,0.9440483450889587
-0.08835019171237946,-0.14167004823684692,0.2469407469034195,-2.4928414821624756,0.05498984456062317,2.4332098960876465,0.940660834312439
-0.09053213894367218,-0.1388852298259735,0.2471451312303543,-2.4990053176879883,0.05478615686297417,2.442110061645508,0.9385619163513184
-0.09153756499290466,-0.13708071410655975,0.24724839627742767,-2.505950450897217,0.05478465557098389,2.4508392810821533,0.937389075756073
-0.0923781469464302,-0.13507483899593353,0.24725477397441864,-2.5128746032714844,0.054729681462049484,2.4596903324127197,0.9363301396369934
-0.09361068159341812,-0.13189555704593658,0.24722400307655334,-2.5194926261901855,0.054305776953697205,2.4693689346313477,0.9350797533988953
-0.09558599442243576,-0.12714290618896484,0.24715107679367065,-2.525559902191162,0.053404632955789566,2.480119466781616,0.9334368705749512
-0.09835431724786758,-0.12075982987880707,0.2470456212759018,-2.5309934616088867,0.05199514701962471,2.4917585849761963,0.9314119815826416
-0.10171868652105331,-0.11310351639986038,0.24700139462947845,-2.535780429840088,0.05014760419726372,2.5040369033813477,0.9291481971740723
-0.10537844896316528,-0.10447476804256439,0.24698247015476227,-2.540249824523926,0.04793477803468704,2.516885280609131,0.9269625544548035
-0.10924071073532104,-0.09496578574180603,0.24697230756282806,-2.5445423126220703,0.0453292652964592,2.530428171157837,0.9249005913734436
-0.11316067725419998,-0.08483688533306122,0.2469673752784729,-2.5482609272003174,0.04234909638762474,2.5440919399261475,0.9231308698654175
-0.11686579883098602,-0.07187583297491074,0.24706144630908966,-2.5485079288482666,0.03796059638261795,2.5568153858184814,0.9228261113166809
-0.11980003863573074,-0.0565597340464592,0.2471735030412674,-2.5448126792907715,0.03209727630019188,2.568118095397949,0.9246194362640381
-0.12185846269130707,-0.03921696916222572,0.24724902212619781,-2.537569522857666,0.02494819648563862,2.5776901245117188,0.9283180832862854
-0.12351793050765991,-0.02226581797003746,0.247251957654953,-2.529745101928711,0.017691856250166893,2.5863144397735596,0.9324758648872375
-0.12478001415729523,-0.008217980153858662,0.24726161360740662,-2.524021625518799,0.011481435038149357,2.5943443775177,0.9362313747406006
-0.12547191977500916,0.0024780125822871923,0.24729099869728088,-2.521409034729004,0.006658300291746855,2.6020560264587402,0.9394611120223999
-0.1256750226020813,0.010334755294024944,0.2473377138376236,-2.5208916664123535,0.0029818147886544466,2.6091787815093994,0.9423300623893738
-0.12567202746868134,0.015584617853164673,0.24735412001609802,-2.521094799041748,0.00045750365825369954,2.614572048187256,0.9443981647491455
-0.1257198005914688,0.019764328375458717,0.247344970703125,-2.5215601921081543,-0.0015531153185293078,2.619072437286377,0.9459890127182007
-0.1258319765329361,0.02350827306509018,0.2473408579826355,-2.5221853256225586,-0.003389025339856744,2.623342514038086,0.9473662972450256
-0.12603072822093964,0.028132731094956398,0.24733249843120575,-2.522883653640747,-0.005677663721144199,2.628549575805664,0.9490328431129456
-0.1263580620288849,0.034409232437610626,0.24729906022548676,-2.523759603500366,-0.008823642507195473,2.6354808807373047,0.9512828588485718
-0.12679366767406464,0.04191437363624573,0.24726714193820953,-2.524726390838623,-0.012719671241939068,2.643732786178589,0.9540626406669617
-0.12728630006313324,0.0497041717171669,0.2472485899925232,-2.5256364345550537,-0.01685377024114132,2.6521267890930176,0.9569949507713318
-0.12779384851455688,0.056910403072834015,0.24723900854587555,-2.52638578414917,-0.020796671509742737,2.659858465194702,0.9598042964935303
-0.12827691435813904,0.0630195289850235,0.2472374588251114,-2.526970148086548,-0.024204012006521225,2.6663167476654053,0.9622353315353394
-0.12870696187019348,0.06824059039354324,0.24723844230175018,-2.527405261993408,-0.0271927323192358,2.6718029975891113,0.9643714427947998
-0.12911449372768402,0.07311316579580307,0.2472403347492218,-2.527789831161499,-0.030032644048333168,2.6768698692321777,0.9663847088813782
-0.1294795274734497,0.077312171459198,0.24724501371383667,-2.52809476852417,-0.032525114715099335,2.6812124252319336,0.9681655764579773
-0.12978652119636536,0.08050667494535446,0.24727265536785126,-2.5283215045928955,-0.03446156159043312,2.6845321655273438,0.9695475101470947
-0.12998740375041962,0.08191658556461334,0.24732249975204468,-2.5284061431884766,-0.03532183915376663,2.6859488487243652,0.9701645970344543
-0.13006767630577087,0.08254002034664154,0.247340589761734,-2.528444528579712,-0.03569458797574043,2.6865715980529785,0.9704346060752869
-0.13011007010936737,0.08284031599760056,0.24734607338905334,-2.528407573699951,-0.035952117294073105,2.6870322227478027,0.970621645450592
-0.1301756501197815,0.08393877744674683,0.24734416604042053,-2.5285563468933105,-0.03652675822377205,2.6879546642303467,0.9710320830345154
-0.13028238713741302,0.08552835881710052,0.2473355084657669,-2.528621196746826,-0.03751413896679878,2.6896190643310547,0.9717392921447754
-0.13045595586299896,0.08755536377429962,0.247319757938385,-2.5287375450134277,-0.038762278854846954,2.691668748855591,0.9726258516311646
-0.13065680861473083,0.08952688425779343,0.24731729924678802,-2.528841972351074,-0.03997793421149254,2.6936490535736084,0.9735061526298523
-0.13083510100841522,0.09132332354784012,0.24731500446796417,-2.5289313793182373,-0.041102539747953415,2.6954710483551025,0.9743084907531738
-0.1310105323791504,0.09315451234579086,0.24731498956680298,-2.529021978378296,-0.04227348044514656,2.6973342895507812,0.9751426577568054
-0.13119566440582275,0.09533490240573883,0.24731019139289856,-2.5291194915771484,-0.04364853724837303,2.6995186805725098,0.9761315584182739
-0.13142786920070648,0.0978228971362114,0.24729618430137634,-2.5292184352874756,-0.045237720012664795,2.7020158767700195,0.9772654175758362
-0.13169988989830017,0.1007349044084549,0.24726718664169312,-2.5293385982513428,-0.04711826890707016,2.7049312591552734,0.9786025285720825
-0.13208334147930145,0.10439377278089523,0.24722233414649963,-2.529477596282959,-0.049504153430461884,2.7085676193237305,0.9802581071853638
-0.1325957030057907,0.10875894129276276,0.247173473238945,-2.529616594314575,-0.052390243858098984,2.71289324760437,0.9821957349777222
-0.1332707405090332,0.11341436207294464,0.2471412867307663,-2.5297584533691406,-0.05551270395517349,2.7174909114837646,0.984235405921936
-0.13399307429790497,0.11796068400144577,0.2471291571855545,-2.5298807621002197,-0.05861401557922363,2.7219741344451904,0.9862304925918579
-0.1347527801990509,0.12230972945690155,0.24712546169757843,-2.5299720764160156,-0.0616077296435833,2.726212978363037,0.9881219267845154
-0.1355142891407013,0.1265254020690918,0.2471199929714203,-2.5300486087799072,-0.06457923352718353,2.7303073406219482,0.9899773001670837
-0.13630713522434235,0.13046687841415405,0.24711810052394867,-2.5301005840301514,-0.06737706810235977,2.7341196537017822,0.9916737675666809
-0.13705404102802277,0.1343553066253662,0.24711555242538452,-2.53012752532959,-0.07018923759460449,2.7378556728363037,0.9934079051017761
-0.13770920038223267,0.13835370540618896,0.24710844457149506,-2.530132532119751,-0.07316085696220398,2.7416608333587646,0.9953790903091431
-0.13830555975437164,0.1426004022359848,0.24708771705627441,-2.5301125049591064,-0.07635509967803955,2.7456371784210205,0.9975985884666443
-0.1388920098543167,0.14648352563381195,0.24708451330661774,-2.529900312423706,-0.07952003926038742,2.749528169631958,0.9998339414596558
-0.1394329071044922,0.1491699069738388,0.24713635444641113,-2.529254913330078,-0.08238866925239563,2.7530643939971924,1.0019035339355469
-0.13960300385951996,0.15007098019123077,0.24717040359973907,-2.528979539871216,-0.08342601358890533,2.754295587539673,1.0026447772979736
-0.13960056006908417,0.14925096929073334,0.24712318181991577,-2.5277576446533203,-0.08359989523887634,2.7546234130859375,1.002758264541626
-0.13958150148391724,0.14922937750816345,0.24713696539402008,-2.527726173400879,-0.08359560370445251,2.7546257972717285,1.0027507543563843
