x,y,z,qw,qx,qy,qz
-0.13489489257335663,-0.4076520800590515,0.37541618943214417,-0.6895936131477356,0.7238098382949829,-0.01684107631444931,-0.01662098802626133
-0.13489501178264618,-0.4076523780822754,0.3754180073738098,-0.6895949244499207,0.7238084077835083,-0.01684367097914219,-0.01662341132760048
-0.13489800691604614,-0.40765079855918884,0.375415176153183,-0.6895929574966431,0.7238104939460754,-0.016838615760207176,-0.016620567068457603
-0.13489601016044617,-0.40765082836151123,0.3754146099090576,-0.6895932555198669,0.7238101959228516,-0.016838593408465385,-0.016620449721813202
-0.13489709794521332,-0.4076530635356903,0.37541911005973816,-0.6895925402641296,0.7238107323646545,-0.016843436285853386,-0.01662357710301876
-0.13489536941051483,-0.40765300393104553,0.3754177391529083,-0.6895945072174072,0.7238088846206665,-0.016842061653733253,-0.01662280410528183
-0.13489598035812378,-0.4076519310474396,0.3754170835018158,-0.6895936727523804,0.7238096594810486,-0.016842136159539223,-0.016621427610516548
-0.13490259647369385,-0.4076579213142395,0.3754056692123413,-0.6895937919616699,0.7238099575042725,-0.016834717243909836,-0.016612781211733818
-0.13503167033195496,-0.4076715409755707,0.3754032254219055,-0.6896004676818848,0.7238037586212158,-0.016828035935759544,-0.01661415584385395
-0.13549989461898804,-0.40797141194343567,0.37538906931877136,-0.6895849704742432,0.7238191962242126,-0.016841024160385132,-0.016571009531617165
-0.13725224137306213,-0.40946894884109497,0.37536802887916565,-0.6895836591720581,0.7238208055496216,-0.016834089532494545,-0.016561968252062798
-0.13988035917282104,-0.41157495975494385,0.3753790855407715,-0.6895943284034729,0.7238102555274963,-0.016845110803842545,-0.016570935025811195
-0.14321064949035645,-0.4140324592590332,0.3753792941570282,-0.6895546913146973,0.7238478660583496,-0.016850564628839493,-0.016568971797823906
-0.14663773775100708,-0.41655492782592773,0.3753884434700012,-0.6895857453346252,0.7238178849220276,-0.016862181946635246,-0.016574332490563393
-0.15029393136501312,-0.41921088099479675,0.3753810226917267,-0.6895784139633179,0.7238250970840454,-0.01686079613864422,-0.01656980812549591
-0.15405908226966858,-0.42201411724090576,0.3753783702850342,-0.689559817314148,0.7238427400588989,-0.016861481592059135,-0.016566980630159378
-0.15782377123832703,-0.4249309003353119,0.37538012862205505,-0.6895722150802612,0.7238309383392334,-0.016863998025655746,-0.016565820202231407
-0.16159838438034058,-0.4279208779335022,0.3753788471221924,-0.6895532608032227,0.7238489389419556,-0.016868259757757187,-0.016562025994062424
-0.16531319916248322,-0.43087196350097656,0.37536394596099854,-0.6895647048950195,0.7238385677337646,-0.016859106719493866,-0.016550518572330475
-0.16911762952804565,-0.4338725805282593,0.37539058923721313,-0.6895544528961182,0.7238473892211914,-0.016881080344319344,-0.016570454463362694
-0.1730303019285202,-0.437069296836853,0.3754047155380249,-0.6895520687103271,0.7238491177558899,-0.016893506050109863,-0.016581838950514793
-0.1769925206899643,-0.4405089318752289,0.3753480017185211,-0.6895567178726196,0.7238465547561646,-0.016853053122758865,-0.016539929434657097
-0.18100783228874207,-0.44422757625579834,0.37539422512054443,-0.6895300149917603,0.7238703370094299,-0.016889424994587898,-0.016574177891016006
-0.18490609526634216,-0.4480849504470825,0.3754344880580902,-0.6895533800125122,0.7238466143608093,-0.016917908564209938,-0.01660890318453312
-0.18886956572532654,-0.45202985405921936,0.3754007816314697,-0.6895378232002258,0.7238618731498718,-0.016908686608076096,-0.01659989170730114
-0.1927589774131775,-0.456094354391098,0.37532752752304077,-0.6895352005958557,0.7238648533821106,-0.016897546127438545,-0.016591859981417656
-0.1965027004480362,-0.46047458052635193,0.3751305639743805,-0.6895596385002136,0.7238418459892273,-0.016891445964574814,-0.01658332534134388
-0.20029935240745544,-0.46507036685943604,0.3747022747993469,-0.6895579695701599,0.7238446474075317,-0.0168638676404953,-0.01656196638941765
-0.20414620637893677,-0.46982845664024353,0.37379658222198486,-0.689557671546936,0.7238456010818481,-0.016851501539349556,-0.016546102240681648
-0.20799368619918823,-0.47454869747161865,0.37247908115386963,-0.6895381212234497,0.7238630056381226,-0.016868531703948975,-0.016577914357185364
-0.21162553131580353,-0.4788791239261627,0.3706163763999939,-0.6895490288734436,0.7238534688949585,-0.016850458458065987,-0.01656261831521988
-0.21517576277256012,-0.4829277992248535,0.3684104084968567,-0.6895363926887512,0.7238656878471375,-0.016851389780640602,-0.01655505783855915
-0.21858260035514832,-0.4868192672729492,0.3657519221305847,-0.6895422339439392,0.7238619923591614,-0.016811572015285492,-0.01651023142039776
-0.2218802571296692,-0.49065449833869934,0.36294880509376526,-0.6895520091056824,0.7238513827323914,-0.016836879774928093,-0.016543259844183922
-0.22521215677261353,-0.4944194555282593,0.3598876893520355,-0.6895272731781006,0.7238755226135254,-0.016827015206217766,-0.01652696542441845
-0.22841644287109375,-0.4979584217071533,0.356604665517807,-0.6895375847816467,0.7238665819168091,-0.016805054619908333,-0.016511565074324608
-0.2313600778579712,-0.5011406540870667,0.3531915247440338,-0.6895284056663513,0.7238741517066956,-0.016828298568725586,-0.016535189002752304
-0.23352599143981934,-0.5032430291175842,0.34933462738990784,-0.6895314455032349,0.723871111869812,-0.01683242805302143,-0.01653784140944481
-0.23532196879386902,-0.5047252178192139,0.3452538251876831,-0.6895253658294678,0.723875880241394,-0.016862276941537857,-0.016557233408093452
-0.2367589771747589,-0.5057071447372437,0.34091487526893616,-0.6895385980606079,0.7238624095916748,-0.016877874732017517,-0.01657540537416935
-0.23802052438259125,-0.5064133405685425,0.33636385202407837,-0.6895352005958557,0.7238648533821106,-0.016897592693567276,-0.016594858840107918
-0.23917779326438904,-0.5069725513458252,0.33143386244773865,-0.6895304322242737,0.7238713502883911,-0.016857478767633438,-0.016545670107007027
-0.24025219678878784,-0.5075578093528748,0.32625043392181396,-0.6895264983177185,0.7238736748695374,-0.016882378607988358,-0.016581976786255836
-0.24125002324581146,-0.5081563591957092,0.3206448256969452,-0.689555823802948,0.7238461971282959,-0.01687174290418625,-0.0165711622685194
-0.24223856627941132,-0.5088542699813843,0.3146477937698364,-0.6895772814750671,0.7238252758979797,-0.016880664974451065,-0.016584493219852448
-0.24328774213790894,-0.5096750855445862,0.3083113133907318,-0.6895806193351746,0.7238225340843201,-0.016873879358172417,-0.01657126471400261
-0.24445855617523193,-0.5109975934028625,0.3016932010650635,-0.6895933151245117,0.7238107919692993,-0.016869982704520226,-0.01656082458794117
-0.24572134017944336,-0.5128531455993652,0.295358806848526,-0.689613401889801,0.7237935662269592,-0.016827071085572243,-0.016526712104678154
-0.24690279364585876,-0.5154330730438232,0.28963616490364075,-0.6896065473556519,0.7237988710403442,-0.01684860698878765,-0.01655564084649086
-0.24781520664691925,-0.5187147259712219,0.28438976407051086,-0.6896045804023743,0.7238034605979919,-0.01679314486682415,-0.016491129994392395
-0.24828281998634338,-0.5227073431015015,0.28038352727890015,-0.6895808577537537,0.7238240838050842,-0.016824033111333847,-0.016545549035072327
-0.24843072891235352,-0.5270626544952393,0.2771717607975006,-0.689568817615509,0.723835289478302,-0.016831133514642715,-0.016549907624721527
-0.24849243462085724,-0.5314769744873047,0.27415966987609863,-0.6895681619644165,0.723839282989502,-0.016760854050517082,-0.016471244394779205
-0.2484831064939499,-0.5360761284828186,0.271652489900589,-0.6895838975906372,0.723819375038147,-0.016864031553268433,-0.016582928597927094
-0.2485237419605255,-0.5406321883201599,0.26917216181755066,-0.6895623803138733,0.7238405346870422,-0.016859551891684532,-0.01655971072614193
-0.2484918087720871,-0.5448918342590332,0.267025351524353,-0.6895617246627808,0.7238422632217407,-0.016838349401950836,-0.016531722620129585
-0.2482607364654541,-0.5485223531723022,0.2651478350162506,-0.6895727515220642,0.7238284945487976,-0.016899701207876205,-0.016614774242043495
-0.24780915677547455,-0.550768256187439,0.2628069519996643,-0.6895591020584106,0.7238457202911377,-0.016816992312669754,-0.016516102477908134
-0.24726657569408417,-0.5520461797714233,0.2604449987411499,-0.6895627975463867,0.7238422632217407,-0.016811395063996315,-0.01651495136320591
-0.2469492107629776,-0.5525434613227844,0.25831466913223267,-0.6895521879196167,0.7238495945930481,-0.016869883984327316,-0.016577688977122307
-0.2468336820602417,-0.5526844263076782,0.25656256079673767,-0.6895467638969421,0.7238558530807495,-0.016850028187036514,-0.016551878303289413
-0.24677501618862152,-0.5527334213256836,0.2551921606063843,-0.689548671245575,0.7238543629646301,-0.016844220459461212,-0.016542969271540642
-0.24674592912197113,-0.5527544617652893,0.25402310490608215,-0.6895557641983032,0.7238467931747437,-0.01686038076877594,-0.016560934484004974
-0.24673691391944885,-0.5527560114860535,0.2527576684951782,-0.6895666122436523,0.7238361835479736,-0.016866223886609077,-0.016566144302487373
-0.24694010615348816,-0.5527505874633789,0.25118008255958557,-0.6895802021026611,0.7238238453865051,-0.0168604739010334,-0.016548968851566315
-0.2472928762435913,-0.5527530312538147,0.24956656992435455,-0.6895840764045715,0.7238197922706604,-0.01686418242752552,-0.016557998955249786
-0.24769394099712372,-0.5527549386024475,0.24806642532348633,-0.6895765066146851,0.7238270044326782,-0.0168631412088871,-0.016562502831220627
-0.24797087907791138,-0.5527490973472595,0.24678094685077667,-0.689581036567688,0.7238229513168335,-0.01685512810945511,-0.01655775122344494
-0.24814435839653015,-0.5527463555335999,0.24569226801395416,-0.6895745992660522,0.7238293886184692,-0.016847845166921616,-0.016553325578570366
-0.248224675655365,-0.5527474880218506,0.2447245717048645,-0.6895766258239746,0.7238273024559021,-0.016848500818014145,-0.016555702313780785
-0.2483314424753189,-0.552750825881958,0.2437152862548828,-0.6895820498466492,0.7238219380378723,-0.01685648411512375,-0.016559923067688942
-0.24861347675323486,-0.5527485609054565,0.24243277311325073,-0.6895886659622192,0.7238156795501709,-0.0168568417429924,-0.01655343733727932
-0.24904438853263855,-0.5527492761611938,0.24096894264221191,-0.6895797848701477,0.7238242030143738,-0.016854828223586082,-0.01655731163918972
-0.2495403289794922,-0.5527462959289551,0.2393479347229004,-0.6895763278007507,0.7238276600837708,-0.016850803047418594,-0.016551479697227478
-0.25001978874206543,-0.552751362323761,0.23765352368354797,-0.6895803213119507,0.723823606967926,-0.01685834489762783,-0.01655830256640911
-0.2503705620765686,-0.552749752998352,0.23581725358963013,-0.6895920634269714,0.7238125801086426,-0.01685488596558571,-0.01655396819114685
-0.2505483031272888,-0.5527466535568237,0.2338363230228424,-0.689591646194458,0.7238129377365112,-0.01685403287410736,-0.016553588211536407
-0.25062382221221924,-0.5527111291885376,0.23168236017227173,-0.6895927786827087,0.7238116264343262,-0.016859572380781174,-0.016558198258280754
-0.2506472170352936,-0.5525551438331604,0.2293340116739273,-0.6895955801010132,0.7238090634346008,-0.01685946434736252,-0.016553562134504318
-0.2506658434867859,-0.5523466467857361,0.22688744962215424,-0.6895953416824341,0.7238094806671143,-0.016854461282491684,-0.016548581421375275
-0.2506759464740753,-0.5520777106285095,0.2244296669960022,-0.689589262008667,0.7238152623176575,-0.01685868576169014,-0.01655033975839615
-0.2506767213344574,-0.5518193244934082,0.22196289896965027,-0.689593493938446,0.7238107323646545,-0.016866616904735565,-0.016562050208449364
-0.250669926404953,-0.5515950322151184,0.21947744488716125,-0.6895864009857178,0.7238175868988037,-0.016864288598299026,-0.01656077615916729
-0.2506135106086731,-0.5514013171195984,0.21706107258796692,-0.689582884311676,0.7238212823867798,-0.01685694418847561,-0.01655437797307968
-0.2504097819328308,-0.5512959957122803,0.21482521295547485,-0.6895657777786255,0.7238374352455139,-0.016855504363775253,-0.016558514907956123
-0.2500486373901367,-0.5512459874153137,0.2126685231924057,-0.6895608305931091,0.7238420248031616,-0.016856761649250984,-0.016563614830374718
-0.24951320886611938,-0.5512229204177856,0.21052859723567963,-0.6895572543144226,0.723845362663269,-0.01685878075659275,-0.016561804339289665
-0.24883955717086792,-0.5512102842330933,0.20834127068519592,-0.6895545125007629,0.7238481044769287,-0.01685851626098156,-0.016560057178139687
-0.2480349838733673,-0.5512056946754456,0.20621410012245178,-0.6895508170127869,0.7238515615463257,-0.016855953261256218,-0.01656307652592659
-0.2470143884420395,-0.551222562789917,0.20461347699165344,-0.6895425915718079,0.723859429359436,-0.016854068264365196,-0.016564149409532547
-0.24598126113414764,-0.5512707233428955,0.20332969725131989,-0.689544141292572,0.7238581776618958,-0.016849851235747337,-0.01656160317361355
-0.24537090957164764,-0.551304280757904,0.20198634266853333,-0.6895533204078674,0.7238492369651794,-0.016857556998729706,-0.016557639464735985
-0.24507983028888702,-0.5513250827789307,0.20051026344299316,-0.6895565390586853,0.7238460183143616,-0.016863994300365448,-0.01656305603682995
-0.24497506022453308,-0.5513179302215576,0.19892719388008118,-0.6895531415939331,0.723849892616272,-0.01684866100549698,-0.016548236832022667
-0.24490639567375183,-0.5513246655464172,0.19737908244132996,-0.6895614862442017,0.7238418459892273,-0.016851529479026794,-0.016550112515687943
-0.24487639963626862,-0.5513302683830261,0.1958901286125183,-0.6895675659179688,0.7238357663154602,-0.016854675486683846,-0.016559772193431854
-0.2448679804801941,-0.551325261592865,0.19444331526756287,-0.689567506313324,0.7238361239433289,-0.016845963895320892,-0.016553550958633423
-0.24486717581748962,-0.5513313412666321,0.19312036037445068,-0.6895658373832703,0.7238373756408691,-0.016850385814905167,-0.016563396900892258
-0.24486492574214935,-0.551329493522644,0.19187617301940918,-0.6895676255226135,0.7238357663154602,-0.016847746446728706,-0.01656302437186241
-0.24486252665519714,-0.5513295531272888,0.19068679213523865,-0.6895683407783508,0.7238351702690125,-0.01684720627963543,-0.01656161993741989
-0.24486076831817627,-0.5513243079185486,0.189520925283432,-0.6895633935928345,0.7238401174545288,-0.016843587160110474,-0.01655549369752407
-0.24486008286476135,-0.5513296127319336,0.18836839497089386,-0.6895678043365479,0.7238355875015259,-0.016847779974341393,-0.016564887017011642
-0.2448546141386032,-0.5513253808021545,0.18718287348747253,-0.6895689368247986,0.7238348126411438,-0.016844775527715683,-0.01655520498752594
-0.24484632909297943,-0.551326334476471,0.18598344922065735,-0.6895747184753418,0.7238292098045349,-0.01684640161693096,-0.01655733399093151
-0.24484889209270477,-0.5513253211975098,0.18479442596435547,-0.6895701289176941,0.7238336205482483,-0.016847390681505203,-0.016554975882172585
-0.24484577775001526,-0.5513275861740112,0.1836538016796112,-0.6895700097084045,0.7238336801528931,-0.01685005985200405,-0.016557710245251656
-0.24484042823314667,-0.5513232350349426,0.18250589072704315,-0.6895738840103149,0.7238301634788513,-0.016845379024744034,-0.01655181683599949
-0.24484828114509583,-0.5513260960578918,0.1814284324645996,-0.6895694136619568,0.723834216594696,-0.016846761107444763,-0.016558080911636353
-0.24485327303409576,-0.55131995677948,0.18040810525417328,-0.6895638704299927,0.7238398790359497,-0.01683909446001053,-0.016548143699765205
-0.2448619306087494,-0.5514158010482788,0.1797066628932953,-0.6895596981048584,0.7238388657569885,-0.0169378574937582,-0.016668738797307014
-0.24485722184181213,-0.5516833066940308,0.17940552532672882,-0.6895657777786255,0.7238187789916992,-0.017215214669704437,-0.016999751329421997
-0.24487079679965973,-0.551535427570343,0.17863216996192932,-0.6895588636398315,0.7238335609436035,-0.017054924741387367,-0.016810651868581772
-0.24486935138702393,-0.5516667366027832,0.17844173312187195,-0.6895618438720703,0.7238235473632812,-0.017191361635923386,-0.016980472952127457
-0.2448856085538864,-0.5515559315681458,0.17815202474594116,-0.6895504593849182,0.7238430976867676,-0.017014728859066963,-0.016782589256763458
-0.2448839545249939,-0.5514392852783203,0.17880067229270935,-0.6895824670791626,0.7238232493400574,-0.016783474013209343,-0.016559593379497528
-0.24487794935703278,-0.5514954924583435,0.18105468153953552,-0.6895860433578491,0.7238181829452515,-0.016811372712254524,-0.016603216528892517
-0.24489106237888336,-0.5514989495277405,0.18386170268058777,-0.6895774602890015,0.7238265872001648,-0.01680281199514866,-0.01659938134253025
-0.24488797783851624,-0.5515042543411255,0.18668779730796814,-0.6895798444747925,0.7238243818283081,-0.016802405938506126,-0.016597500070929527
-0.24486853182315826,-0.5515092611312866,0.18862387537956238,-0.6895955204963684,0.7238092422485352,-0.016809627413749695,-0.01660141907632351
-0.24486486613750458,-0.5515375733375549,0.18989139795303345,-0.6895977258682251,0.7238060832023621,-0.016829565167427063,-0.01662478782236576
-0.24486878514289856,-0.551794171333313,0.19028791785240173,-0.6895934343338013,0.7238105535507202,-0.01682490110397339,-0.016613202169537544
-0.24485914409160614,-0.5526954531669617,0.190436452627182,-0.6895812153816223,0.7238219380378723,-0.016854068264365196,-0.016592390835285187
-0.24485673010349274,-0.554364025592804,0.19034269452095032,-0.6895803809165955,0.7238215804100037,-0.016883695498108864,-0.016616735607385635
-0.2448614537715912,-0.5566001534461975,0.19007974863052368,-0.6895791888237,0.7238243818283081,-0.016852805390954018,-0.01657329499721527
-0.24482764303684235,-0.55890953540802,0.1899709552526474,-0.6895668506622314,0.723835825920105,-0.016859713941812515,-0.016580190509557724
-0.24441993236541748,-0.5598607063293457,0.18998253345489502,-0.6895546317100525,0.7238463759422302,-0.01687467470765114,-0.016611037775874138
-0.2438119351863861,-0.5602392554283142,0.18992853164672852,-0.6895569562911987,0.7238452434539795,-0.016854465007781982,-0.01658516563475132
-0.2431454211473465,-0.5603566765785217,0.1899385005235672,-0.6895613074302673,0.7238406538963318,-0.01686599664390087,-0.016592146828770638
-0.24260377883911133,-0.5603294968605042,0.1899404227733612,-0.6895651817321777,0.7238374352455139,-0.01685376651585102,-0.016583556309342384
-0.24233390390872955,-0.560123085975647,0.18991142511367798,-0.6895869374275208,0.7238177061080933,-0.01681702584028244,-0.016576174646615982
-0.24221855401992798,-0.5596798062324524,0.18989089131355286,-0.6895926594734192,0.7238123416900635,-0.016808675602078438,-0.016586193814873695
-0.24217520654201508,-0.5590605735778809,0.18979771435260773,-0.6895908117294312,0.7238140106201172,-0.01680917665362358,-0.016588205471634865
-0.24224495887756348,-0.5586891770362854,0.18964774906635284,-0.6895938515663147,0.7238116264343262,-0.016800381243228912,-0.016572799533605576
-0.24236544966697693,-0.5585275292396545,0.18943899869918823,-0.6895790696144104,0.7238252758979797,-0.016826536506414413,-0.016565481200814247
-0.2425951361656189,-0.558468759059906,0.18902599811553955,-0.6895688772201538,0.7238342761993408,-0.01684947870671749,-0.016572609543800354
-0.2428981512784958,-0.5584345459938049,0.18849560618400574,-0.6895639300346375,0.7238389253616333,-0.01685306802392006,-0.016572806984186172
-0.24316036701202393,-0.5584233403205872,0.18797080218791962,-0.6895616054534912,0.72384113073349,-0.016855010762810707,-0.016574451699852943
-0.24334892630577087,-0.558413565158844,0.18742671608924866,-0.6895699501037598,0.7238332033157349,-0.016853367909789085,-0.016573913395404816
-0.24345320463180542,-0.5584108233451843,0.18685013055801392,-0.6895729899406433,0.7238302230834961,-0.016854755580425262,-0.016572989523410797
-0.24350900948047638,-0.5584065914154053,0.1862928867340088,-0.6895756125450134,0.7238278985023499,-0.01685343123972416,-0.016572460532188416
-0.24353055655956268,-0.5584068894386292,0.18571552634239197,-0.6895826458930969,0.7238211631774902,-0.01685347408056259,-0.016570575535297394
-0.2435297966003418,-0.5584032535552979,0.18497112393379211,-0.6895882487297058,0.72381591796875,-0.016853313893079758,-0.016564929857850075
-0.24353356659412384,-0.5584015250205994,0.18412375450134277,-0.6895875930786133,0.7238166332244873,-0.016852354630827904,-0.016562065109610558
-0.24353867769241333,-0.5584074258804321,0.1832938939332962,-0.6895861029624939,0.7238178849220276,-0.016856784000992775,-0.016567889600992203
-0.24354244768619537,-0.5584072470664978,0.18250182271003723,-0.6895837187767029,0.7238200902938843,-0.016856729984283447,-0.016567502170801163
-0.24354271590709686,-0.5584049224853516,0.18173475563526154,-0.6895804405212402,0.7238234281539917,-0.01685497537255287,-0.016563620418310165
-0.24354644119739532,-0.5584057569503784,0.18098969757556915,-0.689580500125885,0.7238232493400574,-0.0168558768928051,-0.016563909128308296
-0.24354565143585205,-0.5584031343460083,0.18025672435760498,-0.6895768046379089,0.7238269448280334,-0.016855522990226746,-0.016562145203351974
-0.2435440719127655,-0.5584031343460083,0.17952369153499603,-0.6895782947540283,0.7238254547119141,-0.01685599982738495,-0.016558406874537468
-0.2435453236103058,-0.5584028959274292,0.17881529033184052,-0.6895763278007507,0.7238273620605469,-0.01685410924255848,-0.01655947044491768
-0.2435481995344162,-0.5583996772766113,0.1781310886144638,-0.6895758509635925,0.7238280177116394,-0.016850270330905914,-0.016555363312363625
-0.24354979395866394,-0.5584030151367188,0.17747797071933746,-0.6895713806152344,0.7238321304321289,-0.01685449108481407,-0.016559148207306862
-0.24355581402778625,-0.5584001541137695,0.1768372356891632,-0.689569354057312,0.723834216594696,-0.016850896179676056,-0.01655709743499756
-0.24355226755142212,-0.5584026575088501,0.17620548605918884,-0.6895648241043091,0.7238383889198303,-0.016855131834745407,-0.01655750907957554
-0.2435530573129654,-0.5583991408348083,0.17556533217430115,-0.6895683407783508,0.7238351702690125,-0.01685139909386635,-0.016554169356822968
-0.24354331195354462,-0.5583978295326233,0.1749059557914734,-0.6895717978477478,0.7238320112228394,-0.016851726919412613,-0.016550904139876366
-0.24354533851146698,-0.5584016442298889,0.1742049604654312,-0.6895703077316284,0.7238332033157349,-0.016856398433446884,-0.01655244268476963
-0.24353881180286407,-0.5583995580673218,0.17346347868442535,-0.6895724534988403,0.723831295967102,-0.016856778413057327,-0.016549648717045784
-0.2435385286808014,-0.5583997964859009,0.17269214987754822,-0.6895702481269836,0.7238333821296692,-0.01685648038983345,-0.01654987595975399
-0.2435368150472641,-0.5584006905555725,0.1718800812959671,-0.6895669102668762,0.7238364815711975,-0.016859441995620728,-0.016548890620470047
-0.24353039264678955,-0.5583955645561218,0.17097586393356323,-0.6895752549171448,0.7238288521766663,-0.016853241249918938,-0.016543539240956306
-0.24353517591953278,-0.5584058165550232,0.17006094753742218,-0.6895701885223389,0.7238330245018005,-0.01686457172036171,-0.01655726507306099
-0.24353446066379547,-0.5584008693695068,0.16909022629261017,-0.6895706057548523,0.723832905292511,-0.01686226762831211,-0.01654999889433384
-0.24353307485580444,-0.5584014058113098,0.1681014746427536,-0.6895694136619568,0.7238340973854065,-0.01686248369514942,-0.01654830574989319
-0.24353203177452087,-0.5584034323692322,0.167084738612175,-0.6895700693130493,0.7238332629203796,-0.016864513978362083,-0.01655193604528904
-0.24353350698947906,-0.5584006309509277,0.1660139411687851,-0.689570426940918,0.7238330841064453,-0.016860736533999443,-0.01654914766550064
-0.24353288114070892,-0.5584019422531128,0.16496318578720093,-0.689570963382721,0.7238325476646423,-0.016861947253346443,-0.016551127657294273
-0.2435327023267746,-0.5583961009979248,0.1639237254858017,-0.6895753145217896,0.7238287329673767,-0.01685325987637043,-0.016545720398426056
-0.2435339242219925,-0.5583994388580322,0.16292187571525574,-0.6895754337310791,0.7238283753395081,-0.016854802146553993,-0.01655261591076851
-0.24353447556495667,-0.5583961606025696,0.16191507875919342,-0.6895762085914612,0.7238278985023499,-0.016851143911480904,-0.016548363491892815
-0.2435377538204193,-0.5583937168121338,0.1609393209218979,-0.6895760893821716,0.7238280773162842,-0.01684628240764141,-0.016547653824090958
-0.2435416281223297,-0.5583972930908203,0.16001161932945251,-0.6895750761032104,0.7238288521766663,-0.016848966479301453,-0.016557253897190094
-0.24354693293571472,-0.5583935976028442,0.15912821888923645,-0.689574658870697,0.7238293886184692,-0.016844475641846657,-0.01655433513224125
-0.24355652928352356,-0.5583880543708801,0.15834589302539825,-0.6895689368247986,0.7238350510597229,-0.016837218776345253,-0.01655212789773941
-0.24356380105018616,-0.5584713220596313,0.1578674465417862,-0.6895697712898254,0.7238298058509827,-0.016919856891036034,-0.01666029542684555
-0.24351473152637482,-0.5586776733398438,0.15760135650634766,-0.689594030380249,0.7237963080406189,-0.017132338136434555,-0.01689070276916027
-0.24352335929870605,-0.5588332414627075,0.15740588307380676,-0.6895884275436401,0.7237938046455383,-0.017282452434301376,-0.017074301838874817
-0.24351318180561066,-0.5589788556098938,0.15756842494010925,-0.6896040439605713,0.7237713932991028,-0.01742016337811947,-0.017252134159207344
-0.2435283213853836,-0.5590130090713501,0.1576283872127533,-0.6896051168441772,0.7237686514854431,-0.017446251586079597,-0.017296914011240005
-0.24350252747535706,-0.5591076016426086,0.1577603667974472,-0.6896191835403442,0.7237510085105896,-0.017536135390400887,-0.01738615706562996
-0.24351511895656586,-0.5591177940368652,0.15778270363807678,-0.6896124482154846,0.723756730556488,-0.017545441165566444,-0.01740190200507641
-0.24352137744426727,-0.5591171979904175,0.15778368711471558,-0.6896100640296936,0.7237590551376343,-0.017544064670801163,-0.017402684316039085
-0.24352021515369415,-0.5591195225715637,0.15778636932373047,-0.6896116733551025,0.7237574458122253,-0.01754629798233509,-0.017405753955245018
-0.24352267384529114,-0.559118390083313,0.15778443217277527,-0.6896073222160339,0.7237616181373596,-0.017546014860272408,-0.017403384670615196
